case,cases
camera,cameras
memori,4gb,8gb
white,whit
window,mac,software
phone,mobile,mobil
games,guides
nintendo,ds,wii,nintendog,3ds
apple,ipod,iphone,ipad,iphon
hard,drive
guitar,string
drive,hard
cases,bags,case
electr,electric
side,by,sid,customstyl
ipod,apple,mp3
flat,panel,tvs
panel,flat,tvs,hdtv
batteri,batteries,lithium,lenmar
xbox,360,ps3,playstat,wii
speaker,speakers
steel,stainless
stainless,steel,cleansteel
home,theater
playstat,ps3,xbox,ps2,360,playstation,psp
gift,buy,best,gc,cards
cameras,camera,megapixel
mobil,phone
refriger,refrigerators,refrigerator,by,freezer,cu,ft
best,buy,gift,gc
refrigerators,refrigerator,refriger,by,cu,freezer,ft
dslr,slr,dslrs,a65vk,len,55mm,vrii,300mm,slt
blue,purpl
action,adventure
software,window
package,deals,vrii
deals,package
music,sheet
player,players,mp3
cards,gift,gc
cabl,cables
adventure,action
mobile,phone
ipad,sleeves,ipadâ,apple
electric,electr
hdtv,1080p,720p,60hz,class,tvs,panel
processor,intel,processors
theater,home
class,hdtv
cables,cabl
speakers,speaker
nikon,coolpix
door,ice2o,by
whirlpool,maytag,biscuit
monitor,monitors
batteries,lithium,lenmar,ion,batteri,liion,infolithium,nimh
intel,processor,i5,pentium,core,i3
headphon,headphones,earbud,headphone,ear
bags,cases
radio,radios
basic,fun
ranges,freestand,self,accubak,convect,clean,cleandesign
portabl,portable
frigidair,galleri,maytag
refurbish,refurbished
over,the,ear
gray,silv
string,guitars,guitar
drives,external,drivest,internal
full,siz
stand,stands
guitars,string,acoustic
clean,ranges,self
camcord,camcorders,camcorder,palmcord,handycam,definition
freestand,ranges,accubak
mous,mice
lithium,ion,batteries,lenmar,infolithium,batteri,polym
headphones,headphon,headphone,ear,earbud,cancelling
megapixel,cameras
printer,printers,inkjet
cycl,dryers,washers,dryer,washer,steamdryer,supers,steamwash,effici,cabrio,colossal
portable,portabl
self,ranges,accubak,clean
panason,panasonic
dash,din
whit,white
players,player
charger,chargers
pink,purpl
earbud,headphon,headphones,headphone
dryer,dryers,cycl,washer,steamdryer
kitchenaid,architect
stands,stand
sheet,leonard,hal,dvds,various,music
pair,way
1080p,120hz,720p,240hz,hdtv,1080i,60hz
freezer,freezerless,freezers,refriger,refrigerators,freez
keyboard,keyboards
iphone,4s,iphon,apple
dishwash,dishwashers,dishwasher
lenmar,batteries,lithium,ion,batteri
thru,by
clock,alarm,clocks
radios,radio
bass,rockbass
oven,ovens,convect,convection,microwave
dishwashers,dishwash,dishwasher,tall,nautilus,tub
range,hoods
dryers,dryer,cycl,steamdryer,supers
extern,external
deck,decks
core,i5,i7,i3,intel
profil,profile,bisque,ge
microwav,microwaves,microwave
control,controllers
amplifi,preamplifi,amplifiers,amps
sports,outdoors
chargers,charger
satellit,satellite
covers,sleeves
maytag,whirlpool,frigidair
bluetooth,headset
phones,plans,unlocked,with,unlock
dell,inspiron,xps
camcorders,camcord,definition,07mp
cell,cellstar
tablet,tablets
ovens,oven,convection
vacuum,canist,bagless,vacuums,hepa,eureka,vac,canister,hoover,windtunnel
towers,only
subwoof,subwoofer,subwoofers
amps,amplifi
tall,tub,dishwashers
guides,guid,games,gamecub
cartridg,ink
guid,guides,strategi
express,pci
tripod,tripods
outdoors,sports
trademark,billiard
instal,installation,install
printers,printer,deskjet,inkjet,copier,jetprint
advanc,boy
microwaves,microwav,microwave
washer,washers,dryer,effici,cycl,laundri,steamwash
convect,convection,oven,ranges
installation,instal,install
reader,kindl
500gb,750gb,1tb,640gb,320gb,300gb,5tb
only,towers
metra,1993,1989,volkswagen,1990,audi
60hz,720p,120hz,1080p,hdtv
notebook,notebooks
pavilion,hp
monitors,monitor
outdoor,indoor
instrument,instruments,musical
inkjet,printer,deskjet,printers,officejet
acoustic,dreadnought,guitars
leonard,hal,sheet,dvds,various,songbook,instruction,instructional,instruct
memory,10600
motorola,razr
kids,family
packages,1114,cq2014,p6754i,s5510i,9186nbc,s5610i,01e,ub20p,p6774i,25e
microphon,microphones,microphone,condens
kodak,easyshar
compani,tiffani
widescreen,tft,lcd
strategy,simulation
external,drives,extern
headset,headsets,bluetooth,plantron
family,kids
entertainment,177,178,172,186
gener,4th,watchband
armbands,watchbands,watchband,armband
coffee,coffeemak,coffe
sleeves,covers,ipad
filter,filters
watch,watches
upright,bagless
garmin,nüvi,gps
camcorder,camcord
720p,60hz,1080p,hdtv
drum,drumfir,drums
acoust,research
dock,docks
netbook,netbooks
decks,ready,deck
docks,dock
loading,washers,effici,steamwash,cycl
book,instruct
300mm,200mm,85mm,500mm,250mm,400mm,70mm,telephoto,105mm,135mm,700mm
projector,projectors,projecta,optoma,wxga,106,xga,3lcd,screens,dmd
washers,loading,washer,cycl,effici,steamwash
packard,hewlett,vivera
hewlett,packard,vivera,hp
bisqu,bisque,cleansteel,biscuit
alarm,clock,clocks
controllers,control
york,new,yanke,yankees,knick
cooktop,cooktops
team,promark
time,glitz
expand,dect,answer
protectors,protector
200mm,300mm,500mm,400mm,50mm,70mm,250mm,210mm,60mm,85mm,700mm
mice,mous
rebel,eo,t2i,t3i,t3,xsi,rebels,t1i,60d,40d
purpl,pink,blue
cooktops,cooktop
shot,cyber
marine,marin,raymarin
scosch,volkswagen,1993,1986
silv,gray
dvds,hal,leonard,sheet,instructional,various
inspiron,dell
battery,grips
makers,coffeemak,bakers
16gb,32gb,8gb
chicago,cubs,blackhawks,sox
backpack,backpacks
receivers,630w,770w,735w,875w
with,plans,phones
watchbands,armbands,watchband
plans,with,phones,sprint
coolpix,s4100,s6100,s8200,l24,s3100,s6200,nikon,s4300,s3300
point,points
graphic,gddr3,gddr5,gddr2,graphics,ddr5
powershot,elph,sx230hs,300hs,sd1400is,sd1300is,sx260,sd1400,a2200,a3300,sd1100is
cone,polypropylen,poly
keyboards,keyboard
toys,animals,fabriqu
record,recorders
cyber,shot,w370,dsc,h55,w570,w350,w530,w310
dect,answer,handsets,expansion,gigaset,handset,expand,gigarang
architect,kitchenaid,architectur
voice,ohm,coil
protector,protectors
wild,sale
blackberri,9630,8900
ethernet,etherfast,mbps
editing,burning
lighting,effects,chauvet
frame,frames
effects,lighting,chauvet,moonflow
learning,leapfrog,leapster,leappad
refurbished,refurbish
secure,sd780
schecter,damien,hellrais,sgr
billiard,cue,trademark,triangl
plasma,600hz
gamecub,gamecube,guides
headsets,headset
scanner,scanners,scann,flatb,flatbed,sheetf,sheetfed,scanjet
clips,cliphang,cellsuit
120hz,240hz,1080p,60hz
subwoofer,subwoof,subwoofers
heart,rate
mosfet,mosfet50,bridgeabl
wine,cellar,bottl,coolers
hoods,hood,broan,range
disney,princess
subwoofers,subwoofer,subwoof
espresso,nespresso,cappuccino,espression
biscuit,whirlpool,bisqu
toaster,toasters,slice,toast,pizza
mixer,mixers
hood,hoods,broan
graphics,geforc,gddr3,pci,ddr5,gddr2,xfx,gddr5,radeon,agp,5450
netbooks,netbook,1005hab
grill,grills
puzzle,puzzl,board
acer,aspir
catz,mad
router,routers,802,11g
board,puzzle
pangea,brand,protoast,fanjam,sandwich,tumbler
cymbal,cymbals,sabian,zildjian,zht
vacuums,bagless,canister,vacuum,hepa,canist
sharp,aquo
office,suites,chairs,offic
milliken,rug,tiffani,highland,schedul
easyshar,kodak,c813,m893,m863
lenses,focal,8d,hsm,length,24mm,zuiko,f
prepaid,minutes
minnesota,timberwolves,timberwolv,vikings,twins,gophers
innov,fabriqu
south,shore
mixers,mixer
adob,cs5,photoshop,cs6,cs4,acrobat
320gb,500gb,250gb
security,spywar
intern,internal
answer,dect,handsets,gigaset,handset,9ghz,gigarang,expansion,expand
coil,ohm,voice
routers,router,802,11g
care,cleaning
kenwood,clarion
recorders,recorder,record
offic,office
depth,counter,customstyl
rate,heart
washington,redskin,redskins,capitals,huskies,wizards,nationals
pedal,pedals
sale,tailgat,wild
unlock,unlocked,phones
boston,sox,bruin,bruins,celtics,college
iphon,iphone,3gs,apple
unlocked,unlock,phones
brand,pangea,protoast,fanjam
lenovo,ideapad,thinkpad,thinkcentr,ideacentr
dance,party
counter,depth,customstyl,by,sid
contract,no,contractor
marin,marine
poker,casino
telephones,telephon,telephone,cortelco,needs,conferencing,noveltyZ
tuner,tuners
seat,seats,theaterseatstor
retro,arcade
beach,hamilton
hubs,switches
casino,poker
bike,scooter,bikes
filters,filter
galleri,frigidair
remote,remotes,controls
kitchen,gadgets
microphones,microphon,microphone,condens,cardioid,condenser,supercardioid,unidirect
lens,len,body
cymbals,cymbal,sabian,zht,hhx,zildjian,zbt,aax,zxt,xs20
apparel,shirt
philadelphia,philli,phillies,flyers,eagles
zagg,invisibleshield
squad,geek
detroit,lion,lions
carolina,heels,panther,panthers,gamecocks,nc,tar,florida
antenna,antennas
polypropylen,cone,poly,drvn
harnesses,har,1986,volkswagen
macbook,macbooks
scan,progressive,upconvers,jpeg,multiformat
musical,hosa,instrument,speakon,instruments,xlr3f,trs
32gb,64gb,16gb,8gb
miami,dolphins,marlins,marlin,dolphin,hurricanes
instructional,instruction,instruct,books,dvds,hal,leonard
cuisinart,wolfgang,hamilton
finance,quickbook,peachtre,business,quicken,account,payrol,financi
zildjian,cymbals,zht,cymbal
greatest,hit
gadgets,kitchen
cookers,cooker,rice,pressure,roaster,crock,steamers
playing,role
lowepro,aw
coffe,coffee
role,playing
pentium,i3,intel,celeron
compaq,presario,cq60
condition,conditioner,conditioners,btu
station,stations
slice,toaster,toasters,toast
shirt,apparel
conditioners,conditioner,condition,btu
coffeemak,coffee,brewstat,cup,makers
nüvi,garmin,gps,1300t,friction,1300lm,255wt,streetpilot
pads,mouse,mouserug
geek,squad
projectors,projector,wxga,xga,3lcd,projecta,dmd,dlp,optoma
interfac,interfaces
seating,berklin,theaterseatstor,armless,reclin
hepa,bagless,canist,canister,vacuum,vacuums,hepasil
angel,los,angels,dodger,dodgers,angeles,laker
2007,2006,2008,2003,2005,2009,2004
otterbox,commut,defend
invisibleshield,zagg
protection,musicskin
netgear,linksi,cisco,gigabit
hamilton,beach,cuisinart
alpha,a330l,a350k,a300k,a55,a330,a230l
indoor,outdoor
geforc,graphics,gtx,gddr3,gts,nvidia,xlr8,evga,896mb,gddr2,gddr5
d3100,d5100,d3000,d7000,d60,d5000dx,a330,a330l,a390
boelter,fridg
frames,frame
antennas,antenna
750gb,500gb,640gb,1tb,6gb
instruct,instruction,instructional,books,book,leonard,hal
fujifilm,finepix,xp20,fuji
reclin,berklin,seating,armless,sofa
640gb,750gb,500gb,1tb
grips,battery
ddr3,gddr3,ddr2,pc3,sdram,ddr5,gddr2,12800
cincinnati,reds,bengals,bengal,bearcats
strings,addario,phosphor
kindl,amazon,kobo,reader
business,finance,quickbook
telephoto,105mm,300mm,len,500mm,85mm,slr,24mm,hsm,70mm,usm
bottl,cellar,wine
arizona,cardin,cardinals,diamondbacks,louisvill,louisville,wildcats,devils
arcade,retro
athlon,amd,turion,sempron,phenom
enclosur,enclos,enclosures
twin,twins
pittsburgh,steeler,steelers,penguins,panthers,panther
playback,atrac3plus,jpeg
lamp,tiffani
product,produc
nvidia,geforc
copier,copiers,scann,fax,photocaptur,printers,mfc
piano,pianos
definition,camcorders,camcord
2004,2005,2003,2006,2008,2001,2007,2002
bagless,vacuums,hepa,upright,vacuum,canist,canister
tampa,buccaneers,bay,buccan,rays,lightning
iron,irons
hello,kitti,kitty
atlanta,braves,falcons,brave
shore,south,cakao
expans,expansion
diego,padr,san,padres,francisco,49er
cleaner,cleaners
bisque,bisqu,cleansteel,ge,profil
finepix,fujifilm,xp20,z90,j10,z37,jx310,s4300
texa,texas
2008,2006,2007,2009,2004,2005,2010,2003
sirius,siriusxm,siriusconnect
radar,detector,detectors
progressive,scan,multiformat,upconvers,jpeg,divx
colorado,buffaloes,rockies,avalanch,avalanche
various,leonard,sheet,hal,compos,songbook,dvds,song
plush,animals,fabriqu,stuffed
cleaning,care
cleaners,cleaner
buffalo,buffaloes,bills
berklin,armless,dolan,seating,reclin,theaterseatstor,magnolia
tablets,tablet
later,1990,1998,1994
2006,2005,2004,2007,2003,2008,2009,2002,2001,2010
2005,2004,2006,2003,2008,2007,2009,2002,2001
straight,straighten
francisco,49er,san,giants,49ers,giant,padr,diego,padres
surg,surge
mouse,mouserug,pads
hair,conair
strap,straps
outlet,surge,surgemast
promark,team
tomtom,gps
stuffed,animals,plush,fabriqu
animals,stuffed,plush,fabriqu,toys
handycam,dcr,sr45,sr68,sr47,cx160,dvd610,cx150,palmcord,camcord
magenta,cyan
chauvet,effects,lighting
linksi,cisco,netgear,rangeplus,trendnet
glove,gloves
drawer,drawers
sanus,foundat
dimm,sodimm,pc3200,pc2,valueram,pc5300,xms3,hyperx,xms,pc2700,pc3
2009,2010,2008,2006,2005,2007,2011
ddr2,gddr2,pc2,ddr3,pc5300,sdram,ddr5,pc3200,valueram,sodimm,gddr3
blenders,blender,juicers
surge,surgemast,outlet,surg
seagat,freeagent,goflex,3tb,blackarmor
books,instructional,instruction,instruct
birthday,slaphappi,emotic,cumpleaño
scanners,flatbed,scanner,sheetfed,flatb,sheetf,scanjet,penpow
toner,ecotoneplus,yield,remanufactured,laserjet
rockford,fosgat
switches,hubs
fabriqu,animals,plush,stuffed,snuggi,pillow,innov,toys
suites,office
slow,roaster,crock,cooker,pots
pillow,fabriqu,snuggi
bridgeabl,mosfet,ab,multichannel,1800w
scooter,scooters,bike,skateboards
interfaces,interfac
coolers,beverage,dispensers,cellar,wine,beverag
tigers,lsu,auburn,clemson,tiger,badgers,missouri,rutgers,louisiana,lions,boilermakers
aspir,acer
pickups,pickup,humbuck,duncan,seymour,emg,pickguard,ssl
percussion,percuss
kitti,hello,kitty
beverage,coolers,dispensers,beverag,cellar
backup,recovery,ups
2010,2009,2008,2011,2006
processors,processor
grills,griddles,grill,char,broil
600hz,viera,240hz,plasma
schedul,tiffani,milliken
hosa,musical,xlr3f,rcaf,trs,xlr3m
tiger,tigers
running,bottles,watches
extrem,extreme
cooker,cookers,rice,slow,roaster
florida,seminoles,ohio,gators,carolina,panthers,panther,marlins,michigan
connectors,connector
pods,decaffein,decaf,keurig,hazelnut,breakfast
pedals,pedal
oklahoma,sooners,cowboys,arkansas,arkansa,kansas,kansa,kentucki
hoover,windtunnel,bissel,vacuum
512mb,256mb
simulation,driving,strategy
pots,roaster,pans,crock,slow,woks
pickup,pickups,humbuck,pickguard,duncan,seymour,emg
controls,remote
blender,blenders,juicers,juicer
55mm,len,dslr,vrii
coaxial,coax
luggage,luggag,duffel
hands,tecnozon
ford,lincoln,1998
oregon,scientif
fighting,fight
250mm,300mm,135mm,50mm,200mm,60d,18mp,85mm,t3i,t2i,70mm
250gb,320gb
shavers,shaver,shave,norelco,epil
fans,fan
bissel,hoover
minidv,palmcord,dx103,dvs
island,islanders
mint,highland
everio,gzmg330rus,gz,gzmg330hus,gzmg330aus,gzms230,ms230,07mp
cooling,ventilation
royal,royals
nile,russound
vita,ps
handset,handsets,dect,answer,expansion,kx,gigaset
element,elementari
cappuccino,nespresso,espresso,bialetti,espression
2003,2004,2005,2006,2007,2001,2002,2008
serial,ata
quart,qt
gmrs,frs,mile,microtalk,talkabout
laserjet,officejet,p1006,deskjet,toner
heater,heaters,safeheat
leapfrog,leapster,leappad,didj,learning
houston,texan,texans,astros
fosgat,rockford
lumix,gf3kk,zs8,gf2,fh5,dmc,fh24,zs10
angeles,angels,dodgers,los,lakers,angel,dodger,laker
8ghz,9ghz
mail,as5735
magellan,roadmat,gps
internal,intern,drives
highland,mint,milliken
body,lens
1000w,000w,1100w,1200w,800w,4000w,500w,900w,400w,1500w,1800w
cyan,magenta
texas,aggies,longhorns,texa,raiders,rangers
motherboard,motherboards,gigabyt,lga,2133mhz,1066mhz,1155,1600mhz,1066,1366,2400mhz
michigan,spartans,wolverines,ohio,seminoles,wisconsin,iowa,buckeyes,spartan,cyclones,lsu
elph,powershot,sx230hs,300hs,sx260,a2200,hs,sd1200
spindl,52x,48x,lightscrib,16x,24x
mile,frs,gmrs,microtalk,talkabout
bose,lifestyle,acoustimass
2011,2009,2010
purifiers,purifi,ionize,hepasil,blueair,zōn
merchandise,kitty
kingston,crucial
chairs,office
ceil,ceiling
boomboxes,boombox
socket,lga,1366,1066mhz,motherboard,1155,1066,2133mhz,motherboards,2133,am3
rice,cookers,cooker,pressure
quickbook,finance,payrol,business,peachtre,quicken
dirt,devil
devil,dirt,devils
transmitters,transmitt
north,heels,tar
motherboards,motherboard,gigabyt,1066,lga,2133mhz,1366,1066mhz,1600mhz,1155,socket
boombox,boomboxes,boombotix
dreadnought,acoustic,alvarez,auditorium,wd10
pedest,pedestals
256mb,512mb
toasters,toaster,slice,toast
research,acoust
iowa,hawkeyes,cyclones,seminoles,buckeyes,nebraska,maryland,spartans,bulldogs,ohio,michigan
washburn,wd10
microphone,microphon,microphones,condens
binoculars,binocular
tiffani,milliken,lamp,schedul,compani
heaters,heater
enclosures,enclosur
driving,simulation,flying
virginia,hokies,cavaliers,mountaineers,kentucky,kentucki,cavali
