memory,4gb
camera,cameras
games,game
laptop,laptops,notebook
windows,mac
side,by,refrigerator,door,refrigerators
nintendo,ds,wii
mobile,phones
apple,ipod,iphone
hard,drive
drive,hard
guitar,guitars
ipod,mp3,apple
flat,panel,tvs,tv
panel,flat,tvs
cameras,camera
xbox,360,ps3,playstation
game,games
steel,stainless
phone,phones
stainless,steel
lens,55mm,slr
system,systems
playstation,ps3,xbox,360,ps2
home,theater
headphones,earbud,ear
gift,buy,best,gc
best,buy,gc,gift
refrigerator,refrigerators,side,freezer
blue,red,pink
speakers,speaker
refrigerators,refrigerator,side
phones,mobile,phone
dslr,slr,300mm,telephoto,eos
action,adventure
adventure,action
speaker,speakers
cable,cables
laptops,laptop
processor,intel
theater,home
player,players
cables,cable
guitars,string,guitar,cutaway
whirlpool,maytag,frigidaire
camcorder,camcorders,handycam
door,side
size,full
batteries,lithium,lenmar,ion
intel,processor
ranges,freestanding,self
most,for
frigidaire,whirlpool,maytag
systems,system
players,player,mp3
full,size
iphone,4s,apple
freestanding,ranges
stand,stands
lithium,ion,batteries,lenmar
cycle,washers,dryer,dryers,washer
self,ranges
freezer,freezers,refrigerator
string,guitars,cutaway
stands,stand
dryer,dryers,washer,cycle
pink,purple,blue
printer,printers,inkjet
kitchenaid,architect
sheet,leonard,hal,various,dvds
1080p,720p,120hz
dishwasher,dishwashers,tub
vehicles,later,toyota,metra,honda
pair,way
subwoofer,subwoofers
keyboard,keyboards
lenmar,lithium,batteries,ion
adapter,adapters
dryers,dryer,cycle
clock,alarm
microwave,microwaves
dishwashers,dishwasher,tub,tall
oven,convection,ovens
adapters,adapter
earbud,headphones
camcorders,camcorder
covers,sleeves
deck,decks
printers,printer,inkjet
maytag,whirlpool,ge,frigidaire
dell,inspiron,xps
cell,cellstar
generation,4th,3rd
amplifier,amps
ovens,oven
amps,amplifier
guides,guide
tall,tub,dishwashers
guide,guides
trademark,billiard
microwaves,microwave
family,kids
express,graphics,pci
convection,oven
kids,family
vacuum,vacuums,eureka,bagless,canister
microphone,microphones
500gb,750gb,640gb,320gb,1tb
reader,readers,kindle
metra,later,vehicles,toyota,scosche
60hz,120hz,720p
graphics,gddr5,radeon,pci,geforce,express
washer,washers,dryer,efficiency,cycle
lighting,chauvet
inkjet,printers,printer
outdoor,indoor
leonard,hal,sheet,various,dvds,instructional
tablet,tablets
remote,controls
advance,boy
receiver,receivers
kodak,easyshare
widescreen,tft,lcd
office,suites
instrument,musical,hosa
sleeves,covers
loading,washers,efficiency
headset,headsets,plantronics
decks,deck
notebook,notebooks,laptop
armbands,watchbands
watch,watches,heart
washers,washer,efficiency,cycle,loading
secure,sdhc
receivers,receiver
garmin,gps,nüvi
720p,60hz,1080p
purple,pink
controllers,controller
300mm,200mm,250mm,dslr,telephoto,slr
packard,hewlett
hewlett,packard
filter,filters
protectors,protector
alarm,clock
netbook,netbooks
york,yankees,new,orleans,giants,patriots
keyboards,keyboard
projector,projectors
cooktops,cooktop
cooktop,cooktops
200mm,300mm,250mm
hits,greatest
rebel,eos,t2i
learning,leapfrog
controller,controllers
expandable,dect,answering
scosche,metra
shot,cyber
port,hub,hubs
dvds,leonard,sheet,hal,various
instructional,leonard,hal,books
inspiron,dell,xps
16gb,8gb,32gb
chicago,cubs,bears,sox
watchbands,armbands
subwoofers,subwoofer
drum,drums
vacuums,vacuum,bagless,vac,eureka,canister,hepa
powershot,elph
gateway,compaq
cyber,shot,dsc
dect,expandable,answering
architect,kitchenaid
instant,savings
protector,protectors
scanner,scanners,flatbed
headsets,headset
surge,outlet
ipods,earbuds
netbooks,netbook
billiard,cue,trademark
tablets,tablet
hoods,hood,externally,broan
120hz,240hz,60hz,1080p
recorder,recorders
seating,recliner
star,wars
mosfet,bridgeable
wine,cellar,bottle
mixers,mixer
disney,princess
espresso,cappuccino
toaster,toasters,slice,pizza
lenses,f,sigma
corded,telephones
acer,aspire
hood,hoods,externally
catz,mad
router,routers,gigabit
heart,rate,watch
pangea,brands
milliken,rug
desk,desks
microphones,microphone,condenser
easyshare,kodak
prepaid,minutes
minnesota,twins,atlanta
south,shore
cones,polypropylene,cone
320gb,500gb,250gb,640gb
musical,instrument
savings,instant,98
mixer,mixers
answering,dect,expandable
cymbals,cymbal
recorders,recorder
routers,router,802
coil,ohm
angeles,los,dodgers,angels
cymbal,cymbals,zildjian
frame,frames
rate,heart
filters,filter
grill,grills
depth,counter
washington,iowa,dallas,pittsburgh,cowboys,michigan
boston,sox
counter,depth
pedal,pedals
telephones,corded
sales,tailgate
contract,no
brands,pangea
poker,casino
beach,hamilton
hubs,port,switches
casino,poker
kitchen,gadgets
playing,role
bike,scooter
wars,star
projectors,projector,dlp
apparel,shirt
chair,chairs
philadelphia,phillies,eagles,atlanta
zagg,invisibleshield
squad,geek
detroit,tigers,lions
carolina,panthers,pittsburgh,north,utah,florida
harnesses,harness,wiring
polypropylene,cones,cone
earbuds,gumy,ipods
32gb,64gb,16gb
miami,florida
finance,quickbooks
cuisinart,hamilton
conditioner,conditioners,btu
tigers,detroit,lions
zildjian,cymbal
greatest,hits
cookers,cooker,rice
scan,progressive
gadgets,kitchen
conditioners,conditioner,btu
role,playing
pentium,i3
compaq,presario,gateway
antennas,antenna
slice,toaster,toasters
shirt,apparel
antenna,antennas
station,stations
nüvi,garmin
coffeemaker,cup
geek,squad
interface,interfaces
hepa,bagless,vacuums
cardinals,louis,arizona,st
2007,2006,2003,2004,2008,2005,2010,2009
frames,frame
desks,desk
otterbox,defender,commuter
invisibleshield,zagg
netgear,linksys,gigabit
hamilton,beach,cuisinart
indoor,outdoor
geforce,gddr5,graphics,radeon
d3100,d5100
boelter,fridge
kansas,cincinnati,oklahoma,tennessee
750gb,500gb,640gb,1tb
fujifilm,finepix
recliner,berkline,seating
progressive,scan
640gb,500gb,750gb,320gb
ddr3,ddr2,sdram
cincinnati,reds,baltimore,kansas,pittsburgh,seattle,phillies
beverage,coolers,dispensers
kindle,reader
telephoto,300mm,slr,dslr
arizona,cardinals,louis
athlon,amd
pittsburgh,panthers,carolina,washington,cincinnati,utah,baltimore,houston
harness,harnesses,wiring
cleaners,cleaner
2004,2003,2005,2006,2007,2008
kitty,hello
enclosure,enclosures
louis,cardinals,st,arizona,atlanta
bagless,vacuums,hepa,vacuum,canister,vac
bottle,cellar,wine
tampa,bay,houston
hello,kitty
atlanta,braves,cleveland,seattle,houston,philadelphia,baltimore,minnesota,louis,phillies
shore,south
diego,padres,san,francisco
finepix,fujifilm
animals,stuffed,fabrique
2008,2010,2006,2007,2003,2009,2004
giants,francisco,yankees,york
sirius,xm
colorado,rockies
various,sheet,leonard,hal,dvds
plush,fabrique,stuffed
berkline,theaterseatstore,recliner
2006,2005,2007,2004,2003,2008,2009,2010
2005,2004,2006,2003,2007,2009
francisco,giants,san,diego,padres
scanners,scanner,flatbed
hair,conair
cleaner,cleaners
books,instructional
strap,straps
drums,drum
stuffed,plush,fabrique,animals
handycam,camcorder
magenta,cyan
chauvet,lighting
chairs,chair
linksys,netgear
blenders,blender,juicers
2009,2010,2006,2008,2007,2005
dimm,pc2,ddr2,sdram
ddr2,ddr3,pc2,sdram,dimm
later,vehicles,metra,toyota,honda,ford
seagate,freeagent
switches,hubs
pickups,pickup
suites,office
rockford,fosgate
grills,grill
fabrique,plush,stuffed,animals
slow,crock,roaster,pots
bridgeable,mosfet
interfaces,interface
controls,remote
scooter,scooters,bike,skateboards
coolers,dispensers,beverage,cellar
pedals,pedal
aspire,acer
backup,ups
2010,2008,2009,2006,2011,2007
running,watches
outlet,surge
hosa,instrument
shavers,shaver
cooker,cookers,rice
florida,michigan,panthers,iowa,carolina,virginia,georgia,miami
simulation,driving
oklahoma,cowboys,kansas,tennessee,michigan,iowa,utah,dallas
hoover,bissell
efficiency,washers,washer,loading
512mb,256mb
pots,roaster,crock,slow
55mm,lens
blender,blenders,juicers
ford,nissan,later
250mm,300mm,200mm
250gb,320gb
readers,reader
fans,fan
bissell,hoover
purifiers,purifier
mint,highland,framed
vita,ps
cappuccino,espresso
2003,2004,2007,2006,2005,2008
pickup,pickups
gmrs,frs,mile
serial,ata
flatbed,scanners,scanner
heater,heaters
leapfrog,learning
houston,atlanta,tampa,pittsburgh
fosgate,rockford
designs,salamander
tennessee,titans,oklahoma,colts,seattle,baltimore,cowboys,kansas,iowa,broncos,michigan
cyan,magenta
motherboard,motherboards,atx,socket
michigan,iowa,florida,virginia,oklahoma,georgia,washington,tennessee
elph,powershot
canister,vacuum,bagless,vacuums
highland,framed,mint
2011,2010
mile,frs,gmrs
dallas,cowboys,washington,cleveland,oklahoma,orleans
boomboxes,boombox
handset,handsets
socket,motherboards,motherboard
rice,cookers,cooker
quickbooks,finance
dirt,devil
transmitters,transmitter
north,carolina
motherboards,motherboard,socket,atx
enclosures,enclosure
boombox,boomboxes
driving,simulation
cutaway,string,guitars
layer,8x
256mb,512mb
toasters,toaster,slice
iowa,michigan,washington,utah,florida,oklahoma,virginia,tennessee
panthers,pittsburgh,carolina,florida
heaters,heater
freezers,freezer
wiring,harness,harnesses
virginia,georgia,michigan,iowa,florida
dispensers,coolers,beverage
caller,id
yankees,york,giants
notebooks,notebook
pedestal,pedestals
cowboys,dallas,oklahoma,broncos,tennessee,washington
laundry,pedestals
salamander,designs
georgia,virginia,michigan,florida
vented,externally
toss,tailgate
